meta_pmid,study_pmid
36436737,10607399
36436737,11352615
36436737,11496124
36436737,11850635
36436737,14568477
36436737,14980212
36436737,15006683
36436737,15488424
36436737,15528097
36436737,15701234
36436737,15808992
36436737,16035037
36436737,16055351
36436737,16122944
36436737,16171833
36436737,16406606
36436737,16759672
36436737,17071110
36436737,17404215
36436737,17408704
36436737,17627852
36436737,17964185
36436737,17986835
36436737,18313858
36436737,18370602
36436737,18439411
36436737,18486491
36436737,18501639
36436737,18514546
36436737,18537114
36436737,18585742
36436737,18603608
36436737,18633788
36436737,18633834
36436737,18633846
36436737,18633856
36436737,18783371
36436737,18985118
36436737,18985119
36436737,19015088
36436737,19048432
36436737,19107754
36436737,19136216
36436737,19199417
36436737,19304843
36436737,19347874
36436737,19439183
36436737,19733672
36436737,19944083
36436737,20045478
36436737,20056152
36436737,20071521
36436737,20096792
36436737,20119878
36436737,20188182
36436737,20188190
36436737,20350171
36436737,20350187
36436737,20534459
36436737,20705602
36436737,21206532
36436737,21249224
36436737,21320516
36436737,21569855
36436737,21600991
36436737,21606658
36436737,21664277
36436737,21703352
36436737,21849560
36436737,21862446
36436737,21864459
36436737,21908447
36436737,21940454
36436737,21955370
36436737,22019860
36436737,22125232
36436737,22174872
36436737,22349798
36436737,22360624
36436737,22563005
36436737,22661409
36436737,22726841
36436737,22841755
36436737,22848759
36436737,22956840
36436737,23063451
36436737,23221019
36436737,23249349
36436737,23298748
36436737,23327932
36436737,23378834
36436737,23435496
36436737,23460073
36436737,23482624
36436737,23508477
36436737,23574585
36436737,23599165
36436737,23620602
36436737,23667619
36436737,23684882
36436737,23696200
36436737,23720575
36436737,23722983
36436737,23740868
36436737,23813661
36436737,23876243
36436737,23887810
36436737,23988759
36436737,24051621
36436737,24068815
36436737,24084068
36436737,24097375
36436737,24243619
36436737,24294841
36436737,24294906
36436737,24414614
36436737,24462962
36436737,24582805
36436737,24583253
36436737,24633532
36436737,24639542
36436737,24652858
36436737,24666131
36436737,24700584
36436737,24726338
36436737,24772075
36436737,24814646
36436737,24824165
36436737,24825504
36436737,24834034
36436737,24842782
36436737,24936688
36436737,25042446
36436737,25088911
36436737,25118071
36436737,25281889
36436737,25298009
36436737,25315788
36436737,25534111
36436737,25640962
36436737,25697049
36436737,25716010
36436737,25729358
36436737,25911123
36436737,25929599
36436737,25944965
36436737,25996424
36436737,26117505
36436737,26143208
36436737,26168793
36436737,26206505
36436737,26235682
36436737,26254589
36436737,26262561
36436737,26301900
36436737,26323252
36436737,26337369
36436737,26342221
36436737,26365506
36436737,26385612
36436737,26417673
36436737,26481048
36436737,26505303
36436737,26567160
36436737,26598684
36436737,26604273
36436737,26608245
36436737,26656563
36436737,26746179
36436737,26803059
36436737,26812250
36436737,26892859
36436737,26908320
36436737,26920683
36436737,26969865
36436737,27007121
36436737,27039141
36436737,27090501
36436737,27095057
36436737,27096431
36436737,27165762
36436737,27217118
36436737,27236373
36436737,27266443
36436737,27319001
36436737,27375449
36436737,27458363
36436737,27477020
36436737,27494142
36436737,27496338
36436737,27510495
36436737,27528669
36436737,27568587
36436737,27576746
36436737,27622781
36436737,27716474
36436737,27798249
36436737,27803286
36436737,27856343
36436737,28008075
36436737,28242678
36436737,28338962
36436737,28477977
36436737,28504911
36436737,28905269
36436737,28931014
36436737,29039129
36436737,29073111
36436737,29077925
36436737,29079809
36436737,29097704
36436737,29221830
36436737,29265483
36436737,29324862
36436737,29330483
36436737,29432769
36436737,29476765
36436737,29582502
36436737,29723244
36436737,29740753
36436737,29760183
36436737,29771359
36436737,29777673
36436737,29890323
36436737,30056560
36436737,30077577
36436737,30154703
36436737,30272134
36436737,30349467
36436737,30649548
36436737,30658938
36436737,30852995
36436737,30930310
36436737,31056647
36436737,31090126
36436737,31142792
36436737,31598216
36436737,31783116
36100907,29432769
36100907,29723244
36100907,28287194
36100907,22453299
36100907,19538748
36100907,23155380
36100907,26347628
36100907,16038682
36100907,21118656
36100907,19794316
36100907,17923164
36100907,23021615
36100907,17825801
36100907,21418787
36100907,16838824
36100907,19942229
36100907,28549317
36100907,23776553
36100907,32490056
36100907,22952599
36100907,26952803
36100907,21710131
36100907,12853571
36100907,21498053
36100907,29740753
36115222,21383264
36115222,21281718
36115222,18165464
36115222,23142417
36115222,25988724
36115222,21338692
36115222,24633558
36115222,25637267
36115222,14706428
36115222,24496784
36115222,19707568
36115222,17047671
36115222,26364127
36115222,24478673
36115222,21592680
36115222,20817105
36115222,21599718
36115222,27793597
36115222,25385625
36115222,11822992
36115222,25090480
36115222,24832823
36115222,17004938
36115222,22178355
36115222,25090480
36115222,24741043
36115222,24179800
36115222,21691942
36115222,25125263
36115222,27500453
36115222,24086317
36115222,24090712
36115222,24961260
36115222,17951002
36115222,22076160
36115222,15982446
36115222,21909705
36115222,20875635
36115222,24140937
36115222,20731627
36115222,22386968
36115222,19531112
36115222,21310189
36115222,16369836
36115222,24342420
36115222,15607838
36115222,17088334
36115222,23149031
36115222,22445480
36115222,22391134
36115222,21383264
36115222,27126701
36115222,29881337
36115222,23352851
36115222,21078704
36115222,18187528
36115222,28887180
36115222,20096794
36115222,24483366
36115222,29065207
36115222,17299505
36115222,25990865
36115222,18801475
36115222,25123156
36115222,23072363
36115222,22270405
36115222,23726981
36115222,27575491
36115222,25051341
36115222,25727574
36115222,22717339
36115222,23190458
36115222,26094186
36115222,26078198
36115222,24793365
36115222,28150390
36115222,28720860
36115222,22076160
36115222,28824470
36115222,19775795
36115222,20699124
36115222,28992531
34400176,30806013
34400176,24029699
34400176,18976696
34400176,19650816
34400176,30748046
34400176,20147458
34400176,11793627
34400176,16687507
34400176,22868938
34400176,30217552
34400176,28960762
34400176,21718449
34400176,23051899
34400176,26171329
34400176,31801965
34400176,11515754
34400176,17217932
34400176,25796007
34400176,18588532
34400176,19492068
34400176,24035535
34400176,21677649
34400176,23708507
34400176,19781106
34400176,26475784
34400176,24880692
34400176,22264344
34400176,26813476
34400176,23078363
34400176,24304235
34400176,19632211
34400176,16023086
34400176,18458752
34400176,22514316
34400176,31972520
34400176,24361634
34400176,26679479
34400176,26805583
34400176,28017966
34400176,15961048
34400176,19651613
34400176,27168331
34400176,23382517
34400176,21299752
34400176,21199958
34400176,23131612
34400176,34367371
34400176,11058476
34400176,11296095
34400176,29472643
34400176,22006991
34400176,18761592
34400176,23188041
34400176,19420266
34400176,20823246
34400176,20840335
34400176,22591950
34400176,23257512
34400176,15127179
34400176,31984205
34400176,21790899
34400176,23359677
34400176,15465974
34400176,17488322
34400176,16899037
34400176,21672322
34400176,33132409
34400176,21045002
34400176,19968401
34400176,20172508
34400176,20703221
34400176,21764527
34400176,25567427
34400176,24261848
34400176,24314346
34400176,30687610
34400176,21883951
34400176,22542509
34400176,30886575
34400176,30243035
34400176,12948696
34400176,16467858
34400176,22684096
34400176,23347356
34400176,24939441
34400176,19907419
34400176,29434559
34400176,23245948
34400176,29984874
34400176,22461323
34400176,24871202
34400176,26767945
34400176,20604987
34400176,16167185
34400176,22759909
34400176,37334732
34400176,25214465
34400176,28045460
34400176,21834172
34400176,30788529
34400176,22329835
34400176,23571420
34400176,28351544
34400176,30646331
34400176,18460331
34400176,31730369
34400176,16598192
34400176,17611740
34400176,19107465
34400176,26179147
34400176,20678551
34400176,30537770
34400176,29106683
34400176,24529072
34400176,30165099
34400176,16962339
34400176,22332246
34400176,14679386
34400176,18391135
34400176,20571434
34400176,30734916
34400176,28801730
34400176,22395731
34400176,24275010
34400176,17307790
34400176,17636559
34400176,16979350
34400176,16815041
34400176,23683790
34400176,23497788
34400176,22458561
34400176,20729530
34400176,24949564
34400176,17566768
34400176,21952129
34400176,21185518
34400176,17469913
34400176,21316465
34400176,23389755
34400176,22580204
34400176,18996508
34400176,18358744
34400176,33224402
34400176,30991248
34400176,19365394
34400176,20881127
34400176,15703257
34400176,24523702
34400176,16133128
34400176,16299017
34400176,16038771
34400176,31394197
34400176,29729394
34400176,12860777
34400176,14667419
34400176,16445991
34400176,19015835
34400176,22097928
34400176,23955492
34400176,20670348
34400176,20331560
34400176,21292243
34400176,21790907
34400176,21248113
34400176,24720731
34400176,23421466
34400176,25117824
34400176,30734203
34400176,22114078
34400176,24186078
34400176,22887826
34400176,32125616
34400176,21466926
34400176,16085533
34400176,21859165
34400176,22483100
34400176,12381499
34400176,17291784
34400176,16406379
34400176,24779871
34400176,22890475
34400176,18266213
34400176,24695721
34400176,26303184
34400176,32258854
34400176,20576388
34400176,20688176
34400176,30295396
34400176,36003900
34400176,31204249
34400176,18823721
32078973,21766170
32078973,21451019
32078973,19211872
32078973,21325535
32078973,24474790
32078973,23982589
32078973,22339607
32078973,18295984
32078973,17475792
32078973,15130588
32078973,28686139
32078973,29408323
32078973,29408524
32078973,23041528
32078973,21933719
32078973,19524531
32078973,25277841
32078973,23345243
32078973,18572984
32078973,23313780
32078973,25798082
32078973,19812332
32078973,28429160
32078973,22309791
32078973,15795134
32078973,24137106
32078973,22994937
32078973,11239442
32078973,20877644
32078973,26176860
32078973,22250647
32078973,16778890
32078973,23773952
32078973,23723089
32078973,23536092
32078973,26500486
32078973,16033924
32078973,25632132
32078973,10731225
32078973,19576868
32078973,15327927
32078973,23365248
32078973,20357071
32078973,27620345
32078973,18981414
32078973,27623361
32078973,15588617
32078973,23148798
32078973,22707378
32078973,24867804
32078973,23644912
32078973,26780575
32078973,30133446
32078973,24754451
32078973,21995446
32078973,23476024
32078973,24317375
32078973,28164168
32078973,25206656
32078973,22922368
32078973,25112281
32078973,15483614
32078973,16785427
32078973,21334351
32078973,19587274
32078973,20472072
32078973,16339445
32078973,25067816
32078973,15800185
32078973,16504951
32078973,26071624
32078973,18612380
32078973,23355606
32078973,25100220
32078973,21555079
32078973,20032247
32078973,21106817
32078973,23392532
32078973,23966584
32078973,28131889
32078973,24607236
32078973,14700259
32078973,31634665
32078973,28131862
32078973,24355752
32078973,27177981
32078973,18787233
32078973,19015090
32078973,27975159
32078973,16959497
32078973,20032238
32078973,20301345
32078973,28413776
32078973,24367286
32078973,25281799
32078973,21741443
32078973,24857827
32078973,25819606
32078973,18727234
32078973,28129057
32078973,27989774
32078973,20138482
32078973,19879367
32078973,25055179
32078973,20505110
32078973,12944524
32078973,27591399
32078973,15784440
32078973,15184037
32078973,12655327
32078973,11906224
32078973,11133312
32078973,11751032
32078973,12062884
32078973,17949691
32078973,12948701
32078973,12513946
32078973,23707590
32078973,26510176
32078973,18045902
32078973,20805539
32078973,26640434
32078973,26269638
32078973,18582578
32078973,26076493
32078973,21864197
32078973,21354189
32078973,26238384
32078973,28250149
32078973,25498405
32078973,18375149
32078973,18804540
32078973,21534685
32078973,24298242
32078973,10860790
32078973,27001826
32078973,17274020
32078973,25698984
32078973,18997791
32078973,20188198
32078973,12802176
32078973,26052943
32078973,18710652
32078973,26879047
32078973,19897796
32078973,23684860
32078973,22486330
32078973,18842669
32078973,16971537
32078973,15795135
32078973,22194728
32078973,31019695
31063939,24302373
31063939,22259064
31063939,15054065
31063939,15537894
31063939,18971479
31063939,21195190
31063939,16199831
31063939,22557992
31063939,22503940
31063939,16263248
31063939,26497037
31063939,20421251
31063939,26829319
31063939,15183387
31063939,25608023
31063939,23627087
31063939,22565029
31063939,22593062
31063939,15981537
31063939,23286303
31063939,23205857
31063939,18698363
31063939,28368647
31063939,11123521
31063939,24795594
31063939,19553435
31063939,17483192
31063939,21292598
31063939,27110113
31063939,17007976
31063939,30591784
29338547,20600341
29338547,27034622
29338547,25158155
29338547,12151022
29338547,15907305
29338547,26249266
29338547,18220626
29338547,22994937
29338547,15528091
29338547,25799565
29338547,24200202
29338547,19789023
29338547,26822360
29338547,19915583
29338547,18155446
29338547,15561477
29338547,22159107
29338547,25516371
29338547,23142193
29338547,18296071
29338547,20840201
29338547,18072830
29338547,18266549
29338547,15561477
29338547,26715721
29338547,23016662
29338547,18540914
29338547,21237342
29338547,24587965
29338547,18072830
29338547,21956445
29338547,20061126
29338547,21691942
29338547,27454677
29338547,25139065
27251183,26110109
27251183,25125263
27251183,25674056
27251183,25051341
27251183,24832823
27251183,22445480
27251183,20699124
27251183,22076160
27251183,21281718
27251183,21909705
27251183,20731627
27251183,18165464
27251183,16962291
27251183,17004938
27251183,14706428
18511305,17136951
18511305,17159912
18511305,8947281
18511305,9827597
18511305,11742203
18511305,9818942
18511305,18591121
18511305,1822545
18511305,16499163
18511305,15970732
18511305,15803561
18511305,10493903
18511305,11053230
18511305,11698832
18511305,12875920
18511305,11681302
18511305,10549809
18511305,11034860
18511305,11034860
18511305,9626674
18511305,10493901
18511305,10619657
18511305,11112401
18511305,14686911
18511305,9001657
18511305,17141478
18511305,15919546
18511305,11129045
18511305,9821558
18511305,11999890
18511305,8892216
18511305,16879300
18511305,15862216
18511305,8813292
18511305,9460526
18511305,11144756
18511305,18228449
18511305,16853932
